CPU,Chippa United,solojuve,135,13,9,8,13,34,52,12,LLWLWWWWLDDDDWLDLDLL,35,5,13,8,9,44,37,3,DLWDWDWWDLWWWWLLDLDD,47,LEI,Cuellar/Webster Schar Emerson/M.Merino F.Torres Soucek Boga/Smolov Saint-Maximin Felix,0,0,0,0,30
ESP,Espanyol,jiamingpku,250,15,7,7,16,46,67,15,LLLDWLWWDLLLWDLWWDDW,28,7,11,8,11,45,45,7,WWLDWDLLLDDDDLLLDWLL,41,MCG,Dragowski/Aanholt Zaldua Monreal/Sigurdsson Kucka Gundogan Barkley/Martial Caputo Kluivert,0,0,0,0,30
HSV,Hamburg,Kehl,83,2,15,8,7,62,43,2,DLLLWDWWWWWWDWWLLWLW,53,11,10,9,11,50,54,13,DLWDLLDWWDDLLWWDDLWW,39,XER,Pickford/Chilwell Lirola Sanjurjo/Calhanoglu R.Garcia Pessina D.Rodriguez/Gabbiadini Mayoral Simeone,0,0,0,0,30
IMA,FC Imabari,zincum,195,12,9,8,13,61,68,13,LLDWLDLDWLLDWLWWLWWW,35,12,11,6,13,46,47,11,WWWDLLWDWDDLDWWLWLLD,39,JIU,Consigli/Cresswell Hause Faraoni/Almiron Redmond Cazorla Bonaventura Mancosu/Aubameyang Dzeko,0,0,0,0,30
JIU,Juventus-Internazionale-United,rhyshm & Montella,163,9,9,13,8,55,59,9,WLLWWWDLDWWLDLDDDWDL,40,1,15,7,8,62,38,1,DWWWWDLLWWDDDWWWLWDD,52,IMA,G.Donnarumma/Doherty Hateboer/McTominay Maddison/Machis L.deJong RubenGarcia,0,0,0,0,30
JUV,Juventus,KakaHiguain,125,11,11,5,14,68,76,11,LLDWWDDWDWLWLLLLWLLL,38,14,9,10,11,41,46,14,LDLLLWWDWDLDWLDDDWDW,37,LYF,AitorFernandez/Skriniar Varane Ligt/B.Silva Rafinha Mkhitaryan Kubo/Gameiro Jimenez Immobile,0,0,0,0,30
LEI,Leicester City,JimmyWiki,330,1,19,4,7,83,49,1,LWDLLDWWLLWLDWWWWWWW,61,8,12,5,13,45,42,9,LLLWLLDLLLWWDWWDWDWD,41,CPU,E.Martinez/Kolarov S.Ramos DavidLuiz/Wu Pasalic Bruyne Fleck/Antonio Vardy A.Sanchez,0,0,0,0,30
LIN,Linfield,twa,287,10,11,5,14,70,76,10,WWWLLWDLLLDLLWLDLLDL,38,2,15,6,9,70,50,2,LDLLDDWWDWLWWWLWDWDW,51,NLP,Sepe/Palomino Alba/J.Correa L.Junior Keita/Vydra R.Lukaku,0,0,0,0,30
LYF,Love You Forever,HydraliskIII,301,16,5,9,16,41,74,16,WLDDLDLLDLWDLLDLLLWW,24,15,7,9,14,35,53,15,LWDLWWDLLDDDDLDWLLWL,30,JUV,Schmeichel/Maguire Milenkovic Castagne/Castrovilli Camarasa Portu Fati/HarryKane L.Martinez JaimeMata,0,0,0,0,30
MCG,MichiganWolverines,since,90,4,14,6,10,64,59,4,WWWWLLLWLDDDWWDWWLWL,48,3,14,6,10,50,38,4,WWLWLWDWWWDDLLWDDLWW,48,ESP,Handanovic/Pique Calderoni Lenglet/Ribery Eriksen Willian Pastore/Benzema Salah Griezmann,0,0,0,0,30
NLP,North London Pacers,weilovebvb,111,3,16,4,10,75,57,3,WWLLWDWLLLLWWLWLWDLW,52,9,11,8,11,34,44,8,WWWLDWLDLLDDDLWWDLLL,41,LIN,Meret/Keane Virgil Alexander-Arnold/Grealish Sancet G.Ramirez Pulisic/Ings Milik Haddadi,0,0,0,0,30
TFE,Three Fifty-Eight,angelqi,170,6,13,7,10,76,64,6,WWWWWWWWDDWLLWLDDLLDWD,46,13,8,14,8,37,40,12,WDWDDLLDWDDDDWDDDLDL,38,VIK,Krul/Berchiche Digne Dunk/Mahrez Alberto LorenzoPellegrini Partey/Ronaldo Giroud Cutrone,0,0,0,0,30
TMM,The Moments,Monomino,470,14,8,7,15,60,65,14,WLDDLLWLWWLLDWLLWLLW,31,10,10,10,10,35,38,10,LDWWWDLLDDWDWLLWDDLD,40,WTF,Oblak/Alonso Laxalt Asamoah/J.Pedro H.Lozano Paul Pogba/Belotti Muriel Rebic,0,0,0,0,30
VIK,Vikings,flybut,150,7,12,9,9,71,55,7,DWWDLDLLWWDWLLWWDDDD,45,4,12,12,6,45,33,5,DLLDDWWDDDDLDLDDWWWW,48,TFE,Perin/Acerbi Roca Espinosa/B.Fernandes Guardiola J.Morales R.Torres/D.Zapata Ibrahimovic Wood,0,0,0,0,30
WTF,Wheres the football,huayuankou & FSTH,229,5,14,6,10,52,50,5,LWLWWDLWWWWDWLDWLDLL,48,16,6,4,20,19,53,16,LLLLLLLLDLLDLLLLLDWLD,22,TMM,DiegoLopez/Bonucci Vrij/Mount Armstrong Kessie Noble/Pandev Dybala AlfredoDonnarumma,0,0,0,0,30
XER,CD Xerez,Jasper,177,8,11,8,11,48,52,8,LWDLLLLLLWWDDWDDWWWL,41,6,13,4,13,36,36,6,WLDWWDWWLWLWLWLLLWDL,43,HSV,Cillessen/R.Pereira I.Diop Cucurella/Malynovskyy Canales Bardhi ArturoVidal/Mertens S.Mina Greenwood,0,0,0,0,30
